ip,asn
1.208.104.202,3786
1.208.104.210,3786
1.208.104.53,3786
1.208.104.57,3786
1.208.104.81,3786
1.208.105.57,3786
1.208.106.173,3786
1.208.107.30,3786
1.208.140.13,3786
1.208.140.181,3786
1.208.144.117,3786
1.208.144.13,3786
1.208.144.193,3786
1.208.144.50,3786
1.208.146.13,3786
1.208.146.9,3786
1.208.148.181,3786
1.208.149.105,3786
1.208.149.121,3786
1.208.149.225,3786
1.208.150.165,3786
1.208.151.218,3786
1.213.1.193,3786
1.213.105.21,3786
1.213.107.85,3786
1.213.140.13,3786
1.213.140.177,3786
1.213.140.233,3786
1.213.140.9,3786
1.213.144.197,3786
1.213.147.190,3786
1.213.148.105,3786
1.213.148.245,3786
1.213.149.2,3786
1.213.149.253,3786
1.213.150.209,3786
1.213.151.249,3786
10.0.253.82,0
10.0.34.1,0
10.0.5.1,0
10.132.1.66,0
10.150.1.54,0
10.2.0.241,0
10.2.0.98,0
10.2.26.70,0
10.2.29.33,0
10.2.29.52,0
10.201.111.106,0
10.201.111.110,0
10.240.166.245,0
10.244.32.1,0
10.3.4.2,0
10.48.191.6,0
10.5.5.37,0
10.50.20.62,0
10.63.191.254,0
10.8.2.105,0
10.8.2.109,0
10.8.2.18,0
10.8.2.30,0
101.4.112.89,4538
101.4.112.94,4538
101.4.116.134,4538
101.4.116.145,4538
101.4.117.82,4538
101.4.117.98,4538
108.58.13.201,6128
108.58.13.205,6128
108.59.25.196,11096
108.59.25.21,11096
108.59.26.242,11096
108.59.31.157,11096
108.59.31.159,11096
109.105.102.10,2603
109.105.102.102,2603
109.105.102.103,2603
109.105.102.105,2603
109.105.102.108,2603
109.105.102.109,2603
109.105.102.17,2603
109.105.102.18,2603
109.105.102.21,2603
109.105.102.37,2603
109.105.102.41,2603
109.105.102.67,2603
109.105.102.69,2603
109.105.102.82,2603
109.105.97.1,2603
109.105.97.10,2603
109.105.97.113,2603
109.105.97.124,2603
109.105.97.126,2603
109.105.97.127,2603
109.105.97.13,2603
109.105.97.130,2603
109.105.97.131,2603
109.105.97.132,2603
109.105.97.136,2603
109.105.97.137,2603
109.105.97.17,2603
109.105.97.9,2603
109.105.98.124,2603
109.105.98.69,2603
113.197.15.19,7575
113.197.15.26,7575
113.197.15.5,7575
113.197.15.70,7575
113.197.15.74,7575
113.197.15.76,7575
113.197.15.78,7575
113.197.15.8,7575
113.197.15.99,7575
113.198.217.1,18176
115.160.187.103,9381
115.160.187.41,9381
115.89.206.241,3786
12.122.117.121,7018
12.122.117.26,7018
12.122.140.170,7018
12.122.141.233,7018
128.10.127.251,17
128.10.18.52,17
128.10.18.53,17
128.105.1.45,59
128.105.1.50,59
128.109.1.89,81
128.109.9.145,81
128.109.9.149,81
128.109.9.181,81
128.112.12.142,88
128.112.12.57,88
128.112.139.1,88
128.112.139.97,88
128.138.207.1,104
128.138.207.44,104
128.138.207.45,104
128.138.81.134,104
128.138.81.193,104
128.138.81.250,104
128.138.81.254,104
128.138.81.32,104
128.138.81.41,104
128.173.0.242,1312
128.173.1.130,1312
128.173.1.237,1312
128.208.4.102,73
128.208.4.197,73
128.208.4.198,73
128.208.4.99,73
128.220.231.1,5723
128.220.231.2,5723
128.220.231.249,5723
128.220.231.250,5723
128.220.231.4,5723
128.223.2.10,
128.223.2.9,3582
128.223.3.9,3582
128.223.8.111,3582
128.223.8.112,3582
128.223.8.113,3582
128.223.8.114,3582
128.223.8.2,3582
128.227.0.97,6356
128.227.123.17,6356
128.227.123.21,6356
128.227.150.11,6356
128.227.150.12,6356
128.227.236.167,6356
128.227.236.168,6356
128.227.236.172,6356
128.227.236.175,6356
128.227.236.176,6356
128.227.236.180,6356
128.227.236.37,6356
128.227.236.49,6356
128.227.236.53,6356
128.232.103.194,786
128.232.103.201,786
128.232.103.202,786
128.232.103.203,786
128.39.230.209,224
128.39.255.145,224
128.39.255.162,224
128.39.255.229,224
128.39.255.97,224
128.39.65.17,224
128.39.65.18,224
128.42.142.41,8
128.42.142.42,8
128.8.0.230,27
128.8.126.1,27
128.8.126.111,27
128.8.239.65,27
129.10.120.193,156
129.10.120.194,156
129.10.120.2,156
129.10.120.3,156
129.107.35.129,18515
129.107.35.132,18515
129.107.35.97,18515
129.110.125.1,20162
129.110.125.52,20162
129.130.18.4,2701
129.130.252.137,2701
129.130.252.140,2701
129.143.101.137,553
129.143.101.89,553
129.143.47.66,553
129.143.57.101,553
129.143.57.185,553
129.143.57.2,553
129.143.57.42,553
129.143.57.46,553
129.143.57.85,553
129.143.57.86,553
129.143.57.89,553
129.143.57.90,553
129.143.58.54,553
129.143.59.142,553
129.143.59.210,553
129.143.59.214,553
129.143.59.34,553
129.143.59.73,553
129.143.59.74,553
129.19.165.1,14041
129.2.0.113,27
129.2.0.230,27
129.2.0.82,27
129.2.0.86,27
129.22.150.2,32666
129.22.150.29,32666
129.22.150.78,32666
129.240.24.249,224
129.240.24.250,224
129.240.24.253,224
129.240.24.254,224
129.242.1.9,224
129.242.19.193,224
129.242.19.196,224
129.242.24.101,224
129.250.9.162,2914
129.32.84.129,3778
129.32.84.160,3778
129.32.84.161,3778
129.69.210.253,553
129.69.210.97,553
129.93.229.138,7896
129.93.229.139,7896
129.93.229.254,7896
129.93.3.10,7896
129.93.3.12,7896
129.93.3.162,7896
129.93.3.166,7896
129.97.74.1,12093
129.97.74.12,12093
129.97.74.14,12093
130.117.0.158,174
130.117.0.166,174
130.117.0.177,174
130.117.0.185,174
130.117.1.38,174
130.117.1.49,174
130.117.1.98,174
130.117.48.141,174
130.117.49.138,174
130.117.49.2,174
130.117.51.42,174
130.127.3.21,12148
130.127.3.53,12148
130.127.3.6,12148
130.127.39.129,12148
130.127.39.153,12148
130.149.126.57,680
130.149.49.1,680
130.149.49.136,680
130.152.181.123,226
130.194.252.253,56132
130.194.252.8,56132
130.194.252.9,56132
130.194.28.226,56132
130.194.28.230,56132
130.194.28.234,56132
130.195.4.65,23905
130.195.4.68,23905
130.195.4.69,23905
130.206.158.1,766
130.206.158.129,
130.206.158.138,766
130.206.158.49,766
130.206.158.5,766
130.206.158.50,766
130.206.158.6,
130.206.194.53,766
130.206.194.54,766
130.206.195.1,766
130.206.195.2,766
130.206.195.77,766
130.206.212.93,766
130.206.215.97,766
130.206.245.1,766
130.206.245.10,766
130.206.245.13,766
130.206.245.14,766
130.206.245.2,766
130.206.245.34,766
130.206.245.37,766
130.206.245.38,766
130.206.245.9,766
130.206.245.90,766
130.206.245.93,766
130.206.245.94,766
130.207.251.1,2637
130.207.251.8,2637
130.207.254.186,2637
130.207.254.187,2637
130.207.254.45,2637
130.207.254.46,2637
130.217.2.2,681
130.217.77.1,681
130.217.77.2,681
130.217.77.4,681
130.226.237.107,1835
130.226.249.40,1835
130.226.249.69,1835
130.236.6.208,2843
130.236.6.209,2843
130.236.9.197,2843
130.236.9.198,2843
130.237.0.1,1653
130.237.0.10,1653
130.237.0.2,1653
130.237.211.117,1653
130.237.211.118,1653
130.237.211.122,1653
130.237.211.123,1653
130.237.211.177,1653
130.237.43.3,1653
130.237.50.125,1653
130.242.83.37,1653
130.242.83.50,1653
130.242.85.173,1653
130.242.85.209,1653
130.253.101.14,14041
130.253.21.123,14041
130.253.21.126,14041
130.37.14.1,1103
130.37.193.1,1103
130.37.193.143,1103
130.37.5.54,1103
130.59.36.33,559
130.59.36.34,559
130.59.36.93,559
130.59.36.94,559
130.79.208.225,2259
130.79.48.57,2259
130.83.164.250,8365
130.83.166.241,8365
130.83.166.247,8365
130.83.166.249,8365
130.83.253.250,8365
130.83.254.18,8365
131.179.150.3,52
131.179.150.70,52
131.179.150.72,52
131.188.20.247,680
131.188.20.252,680
131.188.20.37,680
131.188.44.1,680
131.188.44.104,680
131.247.2.246,5661
131.247.2.248,5661
131.247.254.230,5661
131.247.254.45,5661
131.247.254.81,5661
131.247.3.246,5661
132.239.17.1,7377
132.239.17.224,7377
132.239.17.225,7377
132.239.17.226,7377
132.239.254.162,7377
132.239.255.130,7377
133.68.253.241,2907
133.68.253.242,2907
133.68.253.243,2907
133.69.32.129,7660
133.69.32.131,7660
133.69.32.133,7660
133.9.77.62,17956
133.9.81.164,17956
133.9.81.190,17956
133.9.81.254,17956
134.197.0.33,3851
134.197.113.14,3851
134.197.113.3,3851
134.197.113.4,3851
134.34.246.4,553
134.34.246.5,553
134.68.3.58,87
134.76.147.14,680
134.76.249.229,680
134.76.249.238,680
134.87.2.234,271
134.87.2.248,271
136.142.2.162,4130
136.142.2.169,4130
136.142.253.198,4130
137.148.16.10,32818
137.148.16.3,32818
137.164.25.33,2153
137.164.25.53,2153
137.164.26.201,2153
137.164.26.29,2153
137.164.27.13,2153
137.164.27.241,2153
137.164.27.5,2153
137.189.192.233,3661
137.189.192.237,3661
137.189.98.208,3661
137.189.98.209,3661
137.189.98.210,3661
137.189.98.243,3661
137.189.99.253,3661
137.82.123.137,393249
138.4.0.1,766
138.4.0.120,766
138.44.64.54,7575
138.44.64.56,7575
139.30.0.17,680
139.30.240.130,680
139.30.240.131,680
139.30.240.191,680
139.78.1.104,5078
139.78.1.110,5078
139.78.1.72,5078
139.78.1.78,5078
139.78.141.243,5078
139.78.141.245,5078
139.78.143.254,5078
139.80.206.129,38305
139.80.206.132,38305
139.80.206.133,38305
139.80.244.2,38305
139.80.96.2,38305
140.254.68.65,159
141.211.0.133,36375
141.211.0.146,36375
141.212.113.1,36375
141.212.113.178,36375
141.212.113.180,36375
141.22.213.33,680
141.22.213.34,680
141.22.213.35,680
141.22.4.124,680
141.22.4.148,680
141.30.1.113,680
141.58.196.2,553
141.58.196.44,553
141.58.196.6,553
141.76.0.17,680
141.76.45.18,680
141.76.45.22,680
142.103.2.1,393249
142.103.2.2,393249
142.103.2.253,393249
142.103.78.250,393249
142.58.191.174,11105
142.58.254.130,11105
142.58.29.102,11105
142.58.29.46,11105
143.215.131.1,2637
143.215.131.198,2637
143.215.131.199,2637
143.215.193.2,2637
143.215.193.3,2637
143.215.194.105,2637
143.215.194.106,2637
144.92.128.194,59
144.92.128.195,59
144.92.254.229,59
145.145.20.57,1103
145.145.80.82,1103
146.151.166.121,59
146.97.130.1,786
146.97.33.1,786
146.97.33.17,786
146.97.33.25,786
146.97.33.42,786
146.97.33.5,786
146.97.37.185,786
146.97.38.17,786
146.97.65.118,786
147.102.3.113,3323
147.102.3.200,3323
147.229.252.113,197451
147.229.252.17,197451
147.229.252.194,197451
147.229.252.242,197451
147.229.252.81,197451
147.229.252.90,197451
147.229.253.233,197451
147.229.254.205,197451
147.229.254.206,197451
147.229.254.217,197451
147.229.8.1,197451
147.229.8.26,197451
147.73.16.161,5050
147.73.16.184,5050
148.81.166.45,1887
148.81.253.69,1887
148.81.253.70,1887
149.11.10.10,174
149.165.254.186,19782
149.165.254.233,19782
149.165.255.193,19782
149.43.80.2,1289
149.43.80.20,1289
149.43.80.22,1289
149.6.174.34,174
150.244.1.209,766
150.244.1.71,766
150.244.56.1,766
150.244.58.161,766
150.99.187.69,2907
150.99.188.1,2907
150.99.188.2,2907
150.99.188.201,2907
150.99.188.202,2907
150.99.195.253,2907
150.99.2.106,2907
150.99.2.21,2907
150.99.2.34,2907
150.99.2.37,2907
150.99.2.38,2907
150.99.2.49,2907
150.99.2.50,2907
150.99.2.54,2907
150.99.2.58,2907
150.99.2.73,2907
150.99.2.74,2907
150.99.2.97,2907
150.99.2.98,2907
151.97.19.161,137
151.97.19.164,137
151.97.9.2,137
151.97.9.224,137
152.66.0.125,2547
152.66.0.73,2547
152.66.0.79,2547
152.66.0.82,2547
152.66.0.87,2547
152.66.127.81,2547
152.66.244.82,2547
152.66.245.161,2547
152.66.245.190,2547
152.66.245.249,2547
152.66.245.254,2547
153.90.1.33,13476
153.90.1.34,13476
154.25.3.246,174
154.25.3.250,174
154.54.0.238,174
154.54.10.113,174
154.54.11.185,174
154.54.11.205,174
154.54.11.245,174
154.54.11.37,174
154.54.11.77,174
154.54.11.94,174
154.54.12.1,174
154.54.24.193,174
154.54.24.197,174
154.54.24.221,174
154.54.24.233,174
154.54.27.122,174
154.54.27.66,174
154.54.28.129,174
154.54.28.69,174
154.54.28.90,174
154.54.29.118,174
154.54.3.69,174
154.54.30.186,174
154.54.30.42,174
154.54.31.105,174
154.54.31.106,174
154.54.31.109,174
154.54.31.110,174
154.54.31.118,174
154.54.31.126,174
154.54.31.190,174
154.54.36.74,174
154.54.36.82,174
154.54.37.30,
154.54.37.34,174
154.54.38.50,174
154.54.38.58,174
154.54.40.49,174
154.54.41.81,174
154.54.42.86,174
154.54.43.9,174
154.54.44.106,174
154.54.44.142,174
154.54.44.162,174
154.54.47.17,174
154.54.47.29,174
154.54.5.65,174
154.54.56.94,174
154.54.58.70,174
154.54.62.74,174
154.54.62.78,174
154.54.7.157,174
154.54.7.53,174
154.54.74.122,174
154.54.74.126,174
154.54.77.245,174
154.54.80.41,174
154.54.88.9,174
155.185.255.154,137
155.185.255.2,137
155.185.54.249,137
155.225.2.10,53257
155.225.2.34,53257
155.225.2.65,53257
155.225.2.72,53257
155.247.119.225,3778
155.247.119.234,3778
155.247.119.235,3778
155.247.119.82,3778
155.54.213.65,766
155.54.213.66,766
155.54.239.254,766
155.54.239.64,766
155.54.239.65,766
156.110.119.9,5078
156.56.250.226,87
156.56.250.227,87
156.56.250.253,87
160.36.128.133,3450
160.36.2.42,3450
160.36.2.74,3450
160.36.2.78,3450
160.36.56.3,3450
160.36.57.172,3450
160.80.176.1,137
160.80.221.37,137
160.80.221.39,137
162.105.205.1,4538
162.105.205.21,4538
162.105.205.22,4538
162.105.252.134,4538
162.105.253.250,4538
162.105.254.250,4538
162.129.253.101,5723
162.129.253.109,5723
162.129.253.110,5723
162.129.253.74,5723
162.129.253.78,5723
163.246.147.104,3512
163.246.200.86,3512
164.107.1.130,159
164.107.127.1,159
164.107.127.12,159
164.107.127.13,159
164.107.8.117,159
164.113.193.22,2495
164.113.193.53,2495
164.113.212.5,2495
164.113.255.250,11317
164.113.255.45,11317
164.58.244.16,5078
164.58.244.47,5078
164.58.245.246,5078
164.58.7.50,5078
165.230.49.113,46
165.230.49.114,46
165.230.49.115,46
165.230.49.118,46
165.242.3.33,2506
165.242.3.35,2506
165.242.35.65,2506
165.242.35.66,2506
165.242.90.1,2506
165.242.90.128,2506
165.242.90.129,2506
165.91.55.1,3794
165.91.55.11,3794
167.206.34.1,6128
167.206.34.13,6128
169.232.12.154,52
169.232.4.11,52
169.232.4.54,52
169.232.4.7,52
170.140.0.253,3512
170.140.119.66,3512
170.140.119.69,3512
170.140.119.70,3512
172.16.1.12,0
172.16.115.254,0
172.16.2.2,0
172.16.20.245,0
172.16.3.5,0
172.16.31.113,0
172.16.31.117,0
172.16.31.229,0
172.16.32.149,0
172.16.4.1,0
172.20.2.1,0
172.20.2.100,0
172.26.192.110,0
172.26.97.1,0
172.28.1.33,0
172.28.10.38,0
172.28.193.102,0
172.28.193.17,0
172.28.193.89,0
172.28.193.93,0
172.28.194.2,0
172.28.195.2,0
172.28.6.38,0
172.31.0.149,0
172.31.0.161,0
172.85.52.93,46887
178.132.16.246,13193
178.132.16.250,13193
178.132.16.251,13193
181.15.0.89,-1
182.255.119.200,7575
182.255.119.204,7575
184.105.213.226,6939
184.105.213.229,6939
184.105.213.233,6939
184.105.213.234,6939
184.105.213.241,6939
184.105.213.93,6939
184.105.213.94,6939
184.105.222.137,6939
184.105.222.170,6939
184.105.223.161,6939
184.105.223.162,6939
184.105.223.165,6939
184.105.223.234,6939
184.105.80.202,6939
184.105.80.85,6939
184.105.81.77,6939
184.105.81.78,6939
185.38.3.76,47605
188.1.144.1,680
188.1.144.138,680
188.1.144.218,680
188.1.144.221,680
188.1.146.145,680
188.1.146.190,680
188.1.231.125,680
188.1.231.165,680
188.1.233.101,680
188.1.233.230,680
188.1.234.229,680
188.1.235.117,680
188.1.238.101,680
188.1.243.33,680
190.225.249.209,-1
190.225.252.162,-1
190.225.252.166,-1
190.227.163.129,7303
190.227.163.141,7303
190.227.163.142,7303
192.12.80.132,36375
192.12.80.149,36375
192.12.80.34,36375
192.122.175.14,1312
192.124.227.1,6922
192.153.37.249,600
192.153.37.49,600
192.153.37.50,600
192.153.39.254,3112
192.153.40.34,3112
192.16.125.11,8973
192.16.125.12,8973
192.16.125.9,8973
192.168.10.17,0
192.168.10.19,0
192.168.100.65,0
192.168.11.161,0
192.168.114.49,0
192.168.12.93,0
192.168.200.5,0
192.168.215.5,0
192.168.255.2,0
192.168.255.73,0
192.168.66.245,0
192.188.59.89,28027
192.203.116.145,22388
192.33.90.65,559
192.33.90.67,559
192.33.90.68,559
192.33.90.69,559
192.33.92.161,559
192.33.92.166,559
192.36.94.1,2843
192.36.94.2,2843
192.36.94.3,2843
192.38.109.129,1835
192.38.109.143,1835
192.43.217.222,14041
192.5.109.229,32666
192.5.109.230,32666
192.5.208.110,111
192.5.208.73,111
192.5.40.10,-1
192.5.40.65,-1
192.5.40.8,-1
192.5.40.86,-1
192.5.89.21,10578
192.5.89.222,10578
192.5.89.241,10578
192.52.240.209,4130
192.52.240.214,4130
192.70.187.145,1312
192.70.187.18,1312
192.70.187.21,1312
192.70.187.25,1312
192.80.43.49,1706
192.80.43.58,1706
192.80.43.65,1706
192.84.5.134,786
192.84.5.137,786
192.84.5.14,786
192.84.5.54,786
192.84.5.57,786
192.84.5.94,786
192.88.115.82,5050
192.88.115.83,5050
192.88.12.105,-1
192.88.12.161,-1
192.88.192.237,3112
192.88.192.238,3112
193.0.109.1,8890
193.0.109.25,8890
193.1.13.1,1213
193.1.13.12,1213
193.1.13.14,1213
193.1.238.246,1213
193.1.238.250,1213
193.1.244.121,1213
193.1.244.122,1213
193.11.0.18,1653
193.11.0.194,1653
193.11.0.197,1653
193.11.0.21,1653
193.136.1.1,1930
193.136.19.13,1930
193.136.19.254,1930
193.136.19.29,1930
193.136.4.101,1930
193.136.4.26,1930
193.137.0.1,1930
193.137.0.17,1930
193.137.173.209,1930
193.137.173.218,1930
193.137.4.25,1930
193.137.4.9,1930
193.145.14.134,766
193.145.14.14,766
193.157.115.249,224
193.157.115.250,224
193.166.255.37,1741
193.167.187.126,1741
193.167.187.185,1741
193.167.187.186,1741
193.204.219.82,137
193.206.131.45,137
193.206.137.66,137
193.206.137.68,137
193.242.111.69,2128
193.49.225.3,2200
193.51.177.10,2200
193.51.177.128,
193.51.177.54,2200
193.51.177.58,2200
193.51.177.61,2200
193.51.177.73,2200
193.51.177.88,2200
193.51.177.89,2200
193.51.182.53,2200
193.51.183.129,2200
193.51.250.1,2200
193.60.89.5,786
193.62.157.214,786
194.167.254.17,2200
194.167.254.19,2200
194.254.215.11,2200
194.254.215.12,2200
194.254.215.249,
194.29.130.45,12464
194.29.132.1,12464
194.29.132.161,12464
194.29.132.162,12464
194.29.132.2,12464
194.29.178.13,12464
194.29.178.14,12464
194.29.178.254,12464
194.29.178.5,12464
194.79.128.122,13193
194.79.128.41,13193
194.79.128.45,13193
194.79.128.46,13193
194.79.128.54,13193
194.79.128.62,13193
194.79.129.90,13193
194.79.130.168,13193
194.79.130.174,13193
194.79.131.173,13193
194.79.131.89,13193
194.79.133.10,13193
195.111.100.42,1955
195.111.96.56,1955
195.111.96.57,1955
195.113.156.101,2852
195.113.156.106,2852
195.113.156.157,2852
195.113.156.56,2852
195.113.157.144,2852
195.113.157.146,2852
195.113.157.186,2852
195.113.157.217,2852
195.113.161.65,2852
195.113.161.82,2852
195.113.161.83,2852
195.113.161.84,2852
195.113.179.153,2852
195.113.235.89,2852
195.148.124.2,1741
195.148.124.65,1741
195.148.124.73,1741
195.148.124.74,1741
195.149.232.7,-1
195.2.10.121,1273
195.2.10.65,1273
195.2.18.29,1273
195.2.28.21,1273
195.2.28.237,1273
195.2.28.81,1273
195.2.30.141,1273
195.2.30.142,1273
195.2.30.49,1273
195.2.30.81,1273
195.22.199.177,6762
195.22.199.179,6762
195.22.220.213,6762
195.22.220.37,6762
195.69.119.24,-1
198.108.11.10,36375
198.108.11.9,36375
198.108.22.98,237
198.133.224.129,59
198.133.224.147,59
198.32.16.81,4
198.32.16.90,4
198.32.163.70,-1
198.32.163.89,-1
198.32.165.66,-1
198.32.229.137,4557
198.48.65.1,73
198.59.55.2,104
198.71.45.12,11537
198.71.45.14,11537
198.71.45.17,11537
198.71.45.18,11537
198.71.45.20,11537
198.71.45.229,11537
198.71.45.237,11537
198.71.45.24,11537
198.71.45.249,11537
198.71.45.5,11537
198.71.45.57,11537
198.71.45.7,11537
198.71.46.185,11537
198.71.46.221,11537
198.71.46.74,11537
198.82.160.1,1312
198.82.160.221,1312
198.82.160.238,1312
198.83.85.1,40498
198.83.85.45,40498
198.83.85.46,40498
198.83.85.47,40498
199.18.156.141,600
199.18.156.68,600
199.18.156.81,600
199.218.38.21,600
199.218.39.101,600
199.218.39.125,600
199.218.39.253,600
199.218.39.254,600
200.0.204.169,27750
200.0.204.2,27750
200.0.204.213,27750
200.10.150.8,28027
200.117.124.17,-1
200.126.10.2,28027
200.126.10.3,28027
200.131.0.2,1916
200.143.252.61,1916
200.143.252.73,1916
200.143.253.161,1916
200.143.253.37,1916
200.143.254.129,1916
200.17.202.194,10881
200.17.202.195,10881
200.17.202.254,10881
200.19.159.33,1916
200.19.159.34,1916
200.19.159.35,1916
200.19.74.157,10881
200.238.139.9,10881
202.112.41.177,4538
202.112.41.181,4538
202.130.98.101,9381
202.15.114.1,2506
202.15.114.4,2506
202.158.194.110,7575
202.179.241.102,24489
202.179.241.45,24489
202.179.249.118,24490
202.179.249.54,24490
203.169.57.97,1273
203.181.248.129,7660
203.181.248.134,7660
203.181.249.10,7660
203.188.117.33,3662
203.188.117.41,3662
203.188.118.114,3662
203.233.37.74,3786
203.233.52.166,3786
203.233.52.34,3786
203.246.112.147,18176
203.246.112.148,18176
203.248.207.230,3786
203.248.223.17,3786
203.255.234.142,3786
203.255.234.146,3786
204.8.155.225,111
204.8.155.226,111
204.8.155.227,111
204.85.191.10,36850
204.85.191.11,36850
204.85.191.254,36850
205.186.62.9,2722
205.186.63.2,2722
205.189.32.165,6509
205.189.32.172,6509
205.189.32.175,6509
205.189.32.177,6509
205.189.32.181,6509
205.189.32.41,6509
206.117.37.1,4
206.117.37.4,4
206.117.37.5,4
206.12.0.33,271
206.12.16.154,11105
206.12.16.155,11105
206.12.16.254,11105
206.126.236.37,-1
206.196.177.148,10886
206.196.177.69,10886
206.196.177.70,10886
206.196.177.76,10886
206.196.177.77,10886
206.196.177.78,10886
206.196.177.79,10886
206.207.226.138,1706
206.207.226.142,1706
206.207.226.157,1706
206.207.248.17,1706
206.207.248.34,1706
206.207.248.35,1706
206.207.248.38,1706
206.23.240.1,19956
206.23.240.28,19956
206.23.240.29,19956
206.82.139.10,6453
207.197.33.34,3851
207.197.33.69,3851
207.210.143.101,10578
207.231.240.131,226
207.231.241.131,101
208.76.227.176,14085
208.77.77.6,40498
209.124.181.132,101
209.124.181.246,101
210.120.103.225,3786
210.120.105.117,3786
210.120.117.113,3786
210.121.153.1,18176
210.121.153.33,18176
210.121.153.70,18176
210.124.236.1,3786
210.171.224.148,7527
210.180.226.42,3786
210.25.189.18,23911
210.25.189.197,23911
210.25.189.65,23911
210.7.32.2,38022
210.7.39.17,38022
210.7.39.9,38022
210.92.194.181,3786
211.53.88.94,3786
211.63.37.13,3786
211.63.38.13,3786
212.162.26.2,3356
212.191.126.61,8501
212.191.126.70,8501
212.191.224.109,8501
212.191.224.33,8501
212.191.224.73,8501
212.191.224.74,8501
212.191.229.73,8501
212.191.237.105,196844
212.191.240.105,8501
212.50.147.97,16086
212.91.0.50,24748
213.155.130.58,1299
213.155.130.87,1299
213.155.131.148,1299
213.155.131.63,1299
213.155.131.65,1299
213.155.131.69,1299
213.155.132.165,1299
213.155.135.78,1299
213.155.136.135,1299
213.155.137.19,1299
213.155.137.21,1299
213.185.219.113,1273
213.198.77.165,2914
213.248.77.118,1299
213.248.87.25,1299
216.218.223.26,6939
216.218.223.28,6939
216.27.100.18,10466
216.27.100.6,10466
216.27.98.113,10466
216.27.98.93,10466
216.48.80.1,25826
216.48.80.12,25826
216.48.80.14,25826
216.66.32.97,6939
216.66.36.10,6939
216.66.76.181,6939
216.66.76.182,6939
219.243.208.49,23910
219.243.208.60,23910
219.243.208.62,23910
222.111.164.1,18176
23.30.207.94,7922
38.104.52.97,174
38.127.193.145,174
38.99.202.213,174
4.49.110.18,3356
4.53.50.109,3356
4.59.246.2,3356
4.68.111.133,3356
4.68.127.1,3356
4.68.62.225,3356
4.68.62.26,3356
4.68.63.173,3356
4.69.134.106,3356
4.69.135.246,3356
4.69.135.249,3356
4.69.201.150,3356
50.207.243.129,7922
61.42.201.205,3786
61.42.202.205,3786
61.42.234.13,3786
61.43.235.145,3786
62.115.112.108,1299
62.115.113.113,1299
62.115.113.117,1299
62.115.113.206,1299
62.115.113.208,1299
62.115.113.210,1299
62.115.113.212,1299
62.115.115.153,1299
62.115.115.155,1299
62.115.136.135,1299
62.115.136.137,1299
62.115.139.222,1299
62.115.139.228,1299
62.115.139.40,1299
62.115.139.42,1299
62.115.141.111,1299
62.115.142.219,1299
62.115.142.80,1299
62.212.101.66,13193
62.217.100.63,5408
62.217.100.67,5408
62.217.100.71,5408
62.217.96.168,5408
62.217.96.172,5408
62.217.98.89,5408
62.40.112.146,20965
62.40.112.165,20965
62.40.112.202,20965
62.40.112.214,20965
62.40.112.215,20965
62.40.112.30,20965
62.40.112.45,20965
62.40.124.102,20965
62.40.124.129,20965
62.40.124.130,20965
62.40.124.141,20965
62.40.124.173,20965
62.40.124.18,20965
62.40.124.192,20965
62.40.124.193,20965
62.40.124.197,20965
62.40.124.21,20965
62.40.124.217,20965
62.40.124.22,20965
62.40.124.221,20965
62.40.124.241,20965
62.40.124.29,20965
62.40.124.30,20965
62.40.124.36,20965
62.40.124.38,20965
62.40.124.44,20965
62.40.124.45,20965
62.40.124.46,20965
62.40.124.53,20965
62.40.124.62,20965
62.40.124.69,20965
62.40.124.70,20965
62.40.124.89,20965
62.40.124.90,20965
62.40.124.97,20965
62.40.125.101,20965
62.40.125.125,20965
62.40.125.126,20965
62.40.125.13,20965
62.40.125.17,20965
62.40.125.18,20965
62.40.125.180,20965
62.40.125.181,20965
62.40.125.205,20965
62.40.125.206,20965
62.40.125.245,20965
62.40.125.246,20965
62.40.98.103,20965
62.40.98.104,20965
62.40.98.107,20965
62.40.98.108,20965
62.40.98.109,20965
62.40.98.111,20965
62.40.98.112,20965
62.40.98.113,20965
62.40.98.128,20965
62.40.98.129,20965
62.40.98.130,20965
62.40.98.131,20965
62.40.98.15,20965
62.40.98.150,20965
62.40.98.151,20965
62.40.98.152,20965
62.40.98.153,20965
62.40.98.3,20965
62.40.98.35,20965
62.40.98.37,20965
62.40.98.38,20965
62.40.98.40,20965
62.40.98.44,20965
62.40.98.46,20965
62.40.98.49,20965
62.40.98.50,20965
62.40.98.61,20965
62.40.98.65,20965
62.40.98.67,20965
62.40.98.74,20965
62.40.98.75,20965
62.40.98.76,20965
62.40.98.77,20965
62.40.98.80,20965
62.40.98.81,20965
62.40.98.90,20965
62.78.107.14,16086
62.78.107.16,16086
62.78.107.171,16086
62.78.107.172,16086
62.78.117.148,16086
63.225.34.17,209
63.243.128.121,6453
64.15.0.74,-1
64.15.0.84,-1
64.15.2.46,-1
64.15.2.94,-1
64.57.28.177,11537
64.57.28.53,11537
64.57.28.54,11537
65.19.107.101,-1
65.19.107.109,-1
65.19.107.125,-1
65.19.99.125,-1
65.19.99.197,-1
66.110.96.133,6453
66.110.96.149,6453
66.208.228.142,7922
66.208.233.42,7922
66.208.233.50,7922
66.97.16.22,26677
66.97.16.53,26677
66.97.23.137,26677
67.14.102.110,-1
67.59.226.81,-1
68.86.83.70,7922
68.86.84.246,7922
68.86.85.162,7922
68.86.85.190,7922
68.86.85.202,7922
68.86.88.106,7922
68.86.88.54,7922
68.86.93.173,7922
68.86.94.249,7922
69.139.192.169,7922
69.139.193.193,7922
69.139.193.197,7922
70.150.247.136,19956
72.22.160.148,46887
72.52.92.122,6939
72.52.92.13,6939
72.52.92.14,6939
72.52.92.166,6939
72.52.92.213,6939
74.200.187.25,14085
74.200.187.34,14085
74.200.187.38,14085
74.200.187.45,14085
74.200.187.49,14085
74.200.187.53,14085
74.200.187.9,14085
75.130.96.1,10326
75.130.96.12,10326
75.130.96.13,10326
80.249.209.106,1200
80.249.209.203,1200
80.65.237.10,13193
80.65.237.11,13193
80.65.237.9,13193
80.81.192.173,-1
80.81.193.39,-1
80.91.246.139,1299
80.91.246.141,1299
80.91.246.15,1299
80.91.246.59,1299
80.91.246.63,1299
80.91.246.65,1299
80.91.248.143,1299
80.91.248.158,1299
80.91.249.178,1299
80.91.249.20,1299
80.91.249.224,1299
80.91.249.226,1299
82.195.67.245,8365
82.195.67.77,8365
82.195.67.90,8365
82.195.78.41,8365
82.195.78.50,8365
83.212.32.133,5408
83.230.127.124,8508
83.230.127.126,8508
83.230.96.198,8508
83.230.96.210,8508
83.230.96.241,8508
84.88.23.165,13041
84.88.58.154,13041
84.88.58.155,13041
85.23.168.1,16086
86.50.16.1,1741
86.50.16.10,1741
86.50.16.2,1741
86.50.16.9,1741
86.79.0.41,
86.79.0.42,15557
86.79.0.53,15557
86.79.0.54,
86.79.1.89,
88.197.20.1,8643
88.197.53.228,8643
89.221.41.175,6762
89.221.41.177,6762
90.147.80.110,137
90.147.80.25,137
90.147.80.61,137
90.147.80.62,137
90.147.80.66,137
90.147.80.69,137
90.147.80.81,137
90.147.81.49,137
90.147.82.121,137
90.147.82.122,137
90.147.82.73,137
90.147.82.74,137
planetlab02.cs.washington.edu,73
planetlab2.cti.espol.edu.ec,28027
